"","Month","diff_value"
"1",1,0.00389256269534615
"2",2,0.00618328556306883
"3",3,-0.00513860941071172
"4",4,-0.00405173170664789
"5",5,-0.00074536481166057
"6",6,-0.00214214775323686
"7",7,-0.00338616015396201
"8",8,-0.00216675831586811
"9",9,0.00359821102592187
"10",10,0.00750488092232601
